<?xml version="1.0" encoding="UTF-8"?>

<queries>

<query id = "create_agent_table">
		
		<![CDATA[
			CREATE TABLE agents(
			agentId varchar(10) NOT NULL,
			firstName varchar(20),
			lastName varchar(20),
			address varchar(50),
			mobileNo varchar(10),
			department varchar(10),
			PRIMARY KEY (agentId)
			
			);
		]]>
		
</query>

	<query id = "insert_agent">
		
		<![CDATA[
			INSERT INTO agents(agentId,firstName,lastName,address,mobileNo,department)
			VALUES (?,?,?,?,?,?);
		]]>
			
</query>



		<query id = "get_agent_ids">
		
		<![CDATA[
			SELECT agentId FROM agents;
		]]>
			
</query>



	<query id = "get_agent_all_agents">
		
		<![CDATA[
			SELECT * FROM agents;
		]]>
			
</query>





	<query id = "get_agent_by_id">
		
		<![CDATA[
			SELECT * FROM agents WHERE agentId = ?;
		]]>
			
</query>
		
	<query id = "update_agent">
		
		<![CDATA[
			UPDATE agents
			SET firstName = ?, lastName = ?, address = ?, mobileNo = ?, department = ? 
			WHERE agentId = ?
		]]>
			
</query>


	<query id = "delete_agent">
		
		<![CDATA[
			DELETE FROM agents WHERE agentId = ?
		]]>
			
</query>
	

</queries>